"id","course_id","weight","name","group_points","drop_lowest","drop_highest"
17700000000679170,17700000000718327,0.0,Quizzes & Exams,260.000000000,0,0
17700000000679171,17700000000718327,0.0,Participation,180.000000000,0,0
17700000000679172,17700000000718327,0.0,Assignments,285.000000000,0,0
